dosya;bizim_satir;donor_satir;birebir;norm_benzer;ortak_metot;bizim_metot;donor_metot;ham_diff_eklenen;ham_diff_silinen
380ItemOption.cpp;192;237;0;41;8;8;13;99;54
380ItemType.cpp;123;203;0;26;5;7;12;101;21
ArcaBattle.cpp;1324;1325;0;100;49;49;49;1;1
Attack.cpp;3357;3259;0;18;31;32;36;1349;1447
BattleGround.cpp;123;123;1;100;12;12;12;0;0
BattleSoccer.cpp;48;48;1;100;5;5;5;0;0
BattleSoccerManager.cpp;306;306;1;100;1;1;1;0;0
BloodCastle.cpp;2366;2394;0;30;71;71;72;679;651
BonusManager.cpp;425;424;0;90;16;16;16;8;9
BotAlchemist.cpp;892;933;0;21;9;9;11;536;495
BotBuffer.cpp;641;644;0;43;5;5;5;294;291
CSProtocol.cpp;690;678;0;45;1;0;0;182;194
CannonTower.cpp;117;117;1;100;2;2;2;0;0
CashShop.cpp;1955;1930;0;86;38;38;38;62;87
CastleDeep.cpp;506;506;0;95;18;18;18;5;5
CastleSiege.cpp;5932;6419;0;46;132;132;141;1913;1426
CastleSiegeCrown.cpp;99;99;1;100;2;2;2;0;0
CastleSiegeCrownSwitch.cpp;102;102;1;100;2;2;2;0;0
CastleSiegeSync.cpp;231;231;1;100;18;18;18;0;0
CastleSiegeWeapon.cpp;415;415;1;100;13;13;13;0;0
ChaosBox.cpp;5963;6737;0;30;57;64;58;3264;2489
ChaosCastle.cpp;1918;1915;0;87;67;67;68;40;43
ComboSkill.cpp;134;144;0;95;3;3;3;10;0
Command.cpp;176;176;0;61;7;7;7;19;19
CommandManager.cpp;4626;4455;0;18;80;83;83;1960;2131
Connection.cpp;285;285;0;27;8;8;8;58;58
CriticalSection.cpp;30;30;1;100;3;3;3;0;0
Crywolf.cpp;1393;1397;0;90;68;68;68;31;27
CrywolfAltar.cpp;351;351;0;85;18;18;18;10;10
CrywolfObjInfo.cpp;36;36;1;100;3;3;3;0;0
CrywolfStateTimeInfo.cpp;125;125;1;100;8;8;8;0;0
CrywolfStatue.cpp;108;108;0;88;3;3;3;4;4
CrywolfSync.cpp;130;130;1;100;21;21;21;0;0
CrywolfUtil.cpp;110;110;1;100;7;7;7;0;0
CustomAttack.cpp;1002;1081;0;35;18;18;18;392;313
CustomBuyVip.cpp;197;258;0;24;4;7;16;130;69
CustomCombo.cpp;181;146;0;82;6;7;6;0;35
CustomDeathMessage.cpp;130;128;0;51;6;6;6;26;28
CustomEventTime.cpp;142;99;0;26;1;9;1;57;101
CustomJewel.cpp;750;706;0;29;21;29;21;201;245
CustomMix.cpp;710;377;0;15;10;19;10;130;463
CustomMonster.cpp;286;301;0;77;8;9;9;37;23
CustomMove.cpp;226;351;0;55;7;7;7;141;16
CustomNpcQuest.cpp;1116;1130;0;81;22;22;22;45;31
CustomPick.cpp;546;555;0;90;9;9;10;42;33
CustomQuest.cpp;950;963;0;79;19;19;19;43;30
CustomRankUser.cpp;227;206;0;52;4;4;4;31;52
CustomStartItem.cpp;620;266;0;7;4;7;9;143;496
CustomStore.cpp;809;1406;0;18;15;15;15;936;339
CustomTop.cpp;124;124;0;100;7;7;7;1;1
CustomWing.cpp;470;194;0;23;4;18;8;65;341
CustomWingMix.cpp;75;77;0;100;1;1;1;2;0
DSProtocol.cpp;4963;4538;0;31;2;7;3;1603;2029
DarkSpirit.cpp;1255;1249;0;23;20;20;20;364;370
DefaultClassInfo.cpp;132;151;0;53;5;5;6;41;21
DevilSquare.cpp;1638;1671;0;31;51;51;52;506;473
DoubleGoer.cpp;2066;2066;0;98;58;58;58;3;3
Duel.cpp;1744;1869;0;83;48;48;49;162;36
ESProtocol.cpp;1547;1522;0;41;1;0;0;412;438
Effect.cpp;71;71;1;100;4;4;4;0;0
EffectManager.cpp;1907;1890;0;65;28;29;29;1247;1264
EventHideAndSeek.cpp;152;150;0;42;5;5;5;33;35
EventInventory.cpp;831;831;1;100;22;22;22;0;0
EventKillAll.cpp;456;456;0;84;11;11;11;14;14
EventRunAndCatch.cpp;244;243;0;79;6;6;6;11;12
ExperienceTable.cpp;167;167;1;100;5;5;5;0;0
Filter.cpp;107;107;1;100;4;4;4;0;0
FilterRaname.cpp;109;109;1;100;4;4;4;0;0
Fruit.cpp;471;496;0;38;7;7;7;182;157
GameMain.cpp;250;259;0;52;2;2;2;149;140
GameMaster.cpp;121;121;0;40;5;5;5;19;19
GameServer.cpp;725;869;0;42;2;2;2;651;507
Gate.cpp;248;292;0;73;8;10;14;49;5
GensSystem.cpp;1139;1139;1;100;33;33;33;0;0
GuardianStatue.cpp;114;114;1;100;2;2;2;0;0
Guild.cpp;1647;1637;0;35;14;14;14;363;373
GuildClass.cpp;647;647;1;100;23;23;23;0;0
HackCheck.cpp;99;96;0;86;1;0;0;4;7
HackPacketCheck.cpp;181;181;1;100;9;9;9;0;0
Helper.cpp;265;278;0;30;9;9;9;76;63
IllusionTemple.cpp;2755;2755;0;34;69;69;70;649;649
ImperialGuardian.cpp;2732;2735;0;98;72;72;73;7;4
InvasionManager.cpp;704;956;0;29;25;25;33;455;203
InventoryEquipment.cpp;182;182;1;100;5;5;5;0;0
IpManager.cpp;138;69;0;33;7;7;7;5;75
Item.cpp;1861;2182;0;58;42;43;83;622;301
ItemBag.cpp;692;694;0;34;12;13;12;266;264
ItemBagEx.cpp;382;459;0;33;9;9;10;189;112
ItemBagManager.cpp;250;366;0;17;12;12;12;176;61
ItemDrop.cpp;210;272;0;75;5;5;9;63;1
ItemLevel.cpp;84;84;0;46;4;4;5;15;15
ItemManager.cpp;5973;5888;0;13;93;111;140;2580;2665
ItemMove.cpp;136;176;0;69;7;8;13;41;1
ItemOption.cpp;738;966;0;78;13;15;18;354;127
ItemOptionRate.cpp;475;637;0;21;14;14;25;258;96
ItemStack.cpp;104;166;0;43;4;6;11;75;13
ItemValue.cpp;175;221;0;71;5;5;9;47;1
ItemValueTrade.cpp;223;223;0;78;4;4;4;18;18
JSProtocol.cpp;598;620;0;37;1;0;0;192;170
JewelMix.cpp;575;575;0;23;9;9;9;201;201
JewelOfHarmonyOption.cpp;761;841;0;83;16;16;21;82;2
JewelOfHarmonyType.cpp;127;127;1;100;6;6;6;0;0
Kalima.cpp;559;551;0;80;7;7;7;15;23
Kanturu.cpp;556;556;1;100;33;33;33;0;0
KanturuBattleOfMaya.cpp;1030;1030;0;98;65;65;65;4;4
KanturuBattleOfNightmare.cpp;364;364;0;96;28;28;28;2;2
KanturuBattleStanby.cpp;241;241;0;97;18;18;18;1;1
KanturuBattleUserMng.cpp;142;142;1;100;10;10;10;0;0
KanturuEntranceNPC.cpp;72;72;1;100;3;3;3;0;0
KanturuMaya.cpp;97;97;1;100;6;6;6;0;0
KanturuMonsterMng.cpp;281;281;1;100;11;11;11;0;0
KanturuObjInfo.cpp;46;46;1;100;4;4;4;0;0
KanturuStateInfo.cpp;84;84;1;100;13;13;13;0;0
KanturuTowerOfRefinement.cpp;328;328;0;96;25;25;25;2;2
KanturuUtil.cpp;169;169;1;100;12;12;12;0;0
LifeStone.cpp;325;325;0;91;5;5;5;6;6
Log.cpp;135;135;0;35;3;3;3;25;25
LuckyCoin.cpp;314;314;1;100;9;9;9;0;0
LuckyItem.cpp;545;545;1;100;19;19;19;0;0
Map.cpp;757;762;0;98;26;26;26;6;1
MapItem.cpp;97;99;0;48;4;4;4;18;16
MapManager.cpp;347;417;0;75;18;19;25;109;40
MapPath.cpp;734;734;1;100;17;17;17;0;0
MapServerManager.cpp;584;581;0;98;11;11;11;1;4
MasterSkillTree.cpp;2513;2357;0;49;28;30;28;1507;1664
MemScript.cpp;316;363;0;50;18;18;18;99;52
MemoryAllocator.cpp;176;167;0;82;6;6;6;6;15
MemoryAllocatorInfo.cpp;143;137;0;82;3;3;3;13;19
Mercenary.cpp;280;280;0;90;5;5;5;6;6
MiniDump.cpp;57;57;1;100;2;2;2;0;0
Monster.cpp;3417;3647;0;31;2;2;11;1204;974
MonsterAI.cpp;237;240;0;97;12;12;12;4;1
MonsterAIAgro.cpp;159;159;1;100;9;9;9;0;0
MonsterAIAutomata.cpp;134;134;1;100;6;6;6;0;0
MonsterAIAutomataInfo.cpp;171;171;1;100;7;7;7;0;0
MonsterAIElement.cpp;134;134;1;100;7;7;7;0;0
MonsterAIElementInfo.cpp;518;518;1;100;34;34;34;0;0
MonsterAIGroup.cpp;406;406;1;100;15;15;15;0;0
MonsterAIGroupMember.cpp;39;39;1;100;2;2;2;0;0
MonsterAIMovePath.cpp;121;121;1;100;4;4;4;0;0
MonsterAIMovePathInfo.cpp;23;23;1;100;2;2;2;0;0
MonsterAIRule.cpp;162;162;1;100;9;9;9;0;0
MonsterAIRuleInfo.cpp;151;151;1;100;7;7;7;0;0
MonsterAIState.cpp;29;29;1;100;2;2;2;0;0
MonsterAIUnit.cpp;154;154;1;100;8;8;8;0;0
MonsterAIUnitInfo.cpp;84;84;1;100;3;3;3;0;0
MonsterAIUtil.cpp;334;334;1;100;10;10;10;0;0
MonsterManager.cpp;419;458;0;37;10;10;12;170;131
MonsterSetBase.cpp;203;455;0;17;6;6;17;314;61
MonsterSkillElement.cpp;132;132;1;100;6;6;6;0;0
MonsterSkillElementInfo.cpp;637;637;1;100;25;25;25;0;0
MonsterSkillElementOption.cpp;253;253;1;100;33;33;33;0;0
MonsterSkillInfo.cpp;51;51;1;100;3;3;3;0;0
MonsterSkillManager.cpp;331;328;0;99;10;10;10;0;3
MonsterSkillUnit.cpp;134;134;1;100;7;7;7;0;0
MonsterSkillUnitInfo.cpp;48;48;1;100;3;3;3;0;0
MossMerchant.cpp;458;458;0;92;15;15;15;7;7
Move.cpp;352;432;0;27;9;10;17;164;84
MoveSummon.cpp;165;173;0;96;4;4;4;8;0
Notice.cpp;257;258;0;100;8;8;8;4;3
NpcTalk.cpp;1914;1920;0;78;69;71;69;208;202
ObjectManager.cpp;5222;5274;0;19;42;43;43;2435;2383
OfflineMode.cpp;899;940;0;40;9;11;12;309;269
PacketManager.cpp;583;583;1;100;15;15;15;0;0
Party.cpp;1169;837;0;27;21;26;23;241;574
Path.cpp;34;34;1;100;3;3;3;0;0
PentagramSystem.cpp;2240;2240;1;100;45;45;45;0;0
PersonalShop.cpp;1484;1451;0;21;32;33;32;503;536
Protect.cpp;745;1164;0;15;18;19;31;715;296
Protocol.cpp;6448;5736;0;32;3;4;4;2563;3274
Quest.cpp;644;575;0;27;23;24;23;129;199
QuestObjective.cpp;524;524;1;100;16;16;16;0;0
QuestReward.cpp;254;259;0;37;7;7;7;58;53
QuestWorld.cpp;1165;1224;0;94;27;27;28;60;1
QuestWorldObjective.cpp;600;553;0;94;14;15;14;2;50
QuestWorldReward.cpp;319;319;1;100;7;7;7;0;0
Queue.cpp;80;80;1;100;6;6;6;0;0
QueueTimer.cpp;48;48;1;100;5;5;5;0;0
Raklion.cpp;600;607;0;91;38;38;39;17;10
RaklionBattleOfSelupan.cpp;638;638;1;100;38;38;38;0;0
RaklionBattleUser.cpp;42;42;1;100;5;5;5;0;0
RaklionBattleUserMng.cpp;126;126;1;100;10;10;10;0;0
RaklionObjInfo.cpp;46;46;1;100;4;4;4;0;0
RaklionSelupan.cpp;506;510;0;94;29;29;30;7;3
RaklionUtil.cpp;111;111;1;100;8;8;8;0;0
RandomManager.cpp;127;124;0;93;5;6;5;0;4
Reconnect.cpp;152;151;0;85;11;11;11;7;8
ResetTable.cpp;640;402;0;11;8;20;17;250;489
ScheduleManager.cpp;172;172;1;100;7;7;7;0;0
SerialCheck.cpp;48;48;1;100;5;5;5;0;0
ServerDisplayer.cpp;1218;1099;0;22;18;20;19;518;638
ServerInfo.cpp;4607;5770;0;7;32;35;37;3385;2223
SetItemOption.cpp;438;593;0;37;11;11;16;345;190
SetItemType.cpp;213;249;0;36;10;10;13;77;41
Shop.cpp;499;500;0;98;11;11;12;6;5
ShopManager.cpp;258;269;0;35;13;13;14;64;53
Skill.cpp;79;79;1;100;5;5;5;0;0
SkillHitBox.cpp;89;89;1;100;5;5;5;0;0
SkillManager.cpp;6716;6717;0;21;162;162;164;2055;2054
SocketItemOption.cpp;813;1007;0;38;24;24;30;496;302
SocketItemType.cpp;104;104;1;100;6;6;6;0;0
SocketManager.cpp;899;924;0;34;18;18;18;213;188
SocketManagerUdp.cpp;240;240;0;30;7;7;7;54;54
ThuMuaDoExc.cpp;798;732;0;38;10;21;11;329;395
Trade.cpp;742;1091;0;26;17;17;20;557;207
Union.cpp;215;215;1;100;13;13;13;0;0
UnionInfo.cpp;106;106;1;100;9;9;9;0;0
User.cpp;5258;5436;0;37;1;1;14;1758;1580
Util.cpp;755;965;0;22;4;4;8;507;297
Viewport.cpp;2333;2121;0;30;38;40;40;521;733
Warehouse.cpp;797;710;0;77;16;18;17;37;124
pugixml.cpp;10648;10677;0;99;269;269;271;10677;10648
stdafx.cpp;8;8;1;100;1;0;0;0;0
