modul;donor_derleniyor;siniflar;map_sinif_vurusu;pdb_cpp_yolu;canli_string_vurusu;bizim_string_vurusu;donor_config_adlari;canli_config_bulundu;canli_log_bulundu
APIGameGuard;EVET;APIGameGuard,CB_CItem,CB_OBJECTSTRUCT;-;-;-;-;;-;-
AUTOHP;EVET;CAUTOHP;-;VAR;-;-;;-;-
AntiSkillDelay;EVET;CSkillDelayManager,SkillDelayInfo;-;-;-;-;;-;-
B_MocNap;EVET;DATA_CBITEMMOCNAP,DATA_CBMONAP,LISTITEMMOCNAP_SENDINFO,ListMocNapSend,MESSAGE_INFO_CBMOCNAP,PMSG_CBLISTTHUONG_SEND,PMSG_CBMONAP_SEND,XULY_CGPITEMTRADE,gBMocNap;-;VAR;CoinMocNap|CoinNhan|ConfigMocNap|CustomMocNap|Firework|GiaTriNap;CoinMocNap|CoinNhan|ConfigMocNap|CustomMocNap|Firework|GiaTriNap;;-;-
BlackList;EVET;BLACKLIST_HID_INFO,BLACKLIST_IP_INFO,CBlackList;-;-;-;-;BlackList_Block.txt;-;-
BotTrade;EVET;BotTraderBodyItems,Mixes,MixesItems,MixesItemsT,MixesT,ObjBotTrader,botTraderStruct;-;-;-;Vui long dat dung vat pham;;-;-
CGMEarringManager;EVET;CGMEarringManager,CUSTOM_EARRING_INFO;-;-;-;-;;-;-
CGMFlagNatManager;EVET;CGMFlagNatManager,CUSTOM_FLAG_INFO;-;-;-;-;;-;-
CGMHardwareId;EVET;CGMHardwareId,HARDWARE_ID_INFO;-;-;-;-;;-;-
CGMPetManager;EVET;CGMPetManager,CUSTOM_PET_INFO;-;-;-;-;;-;-
CMixGoblinExpansion;EVET;CMixGoblinExpansion,PMSG_DEFAULT_ITEM_LIST,PMSG_MIX_ITEM_LIST,RECIPIENT_CHECK,SDHP_MIX_GOBBLIN_ITEM_DEFAULT,SDHP_REQUEST_MIX_GOBBLIN_ITEM;-;-;MaxLevel|MinLevel;MaxLevel|MinLevel;;-;-
CharacterAdvance;EVET;CCharacterAdvance,PMSG_STATS_ADVANCE;-;-;-;-;;-;-
ChatManager;EVET;CChatManager,Message;-;-;-;-;;-;Message 
ConsoleDebug;EVET;CMuConsoleDebug;-;-;-;-;;-;-
CustomExchangeCoin;EVET;CCustomExchangeCoin,CUSTOMEXCHANGECOIN_INFO;-;-;-;-;;-;-
CustomJewelBank;EVET;CCustomJewelBank,JEWELFOX_GUI_REQ,MESSAGE_INFO_JWBANK,PSBMSG_JEWELBANKWITHDRAW_RECV,PSBMSG_JEWELBANK_RECV,PSBMSG_JEWELBANK_SEND,PSBMSG_JEWELBANK_UPDATE_RECV,SDHP_CUSTOM_JEWELBANK_INFO_RECV,SDHP_CUSTOM_JEWELBANK_INFO_SEND,SDHP_CUSTOM_JEWELBANK_SEND;-;VAR;MaxCount|MaxPages;MaxCount;;-;-
EventFindPath;EVET;CEventFindPath;-;-;-;-;;-;-
EventGvG;EVET;CGvGEvent,GVG_EVENT_GUILD,GVG_EVENT_START_TIME,GVG_EVENT_USER,GVG_TIME;-;-;-;-;;-;-
GMHolyItem;EVET;CGMHolyItem,PMSG_INVENTORY_HOLY,PMSG_INVENTORY_HOLY_RECV,PMSG_INVENTORY_HOLY_SEND,SDHP_INVENTORY_HOLY_RECV,SDHP_INVENTORY_HOLY_SAVE_SEND,SDHP_INVENTORY_HOLY_SEND;-;-;-;-;;-;-
LogToFile;EVET;CLogToFile;-;-;-;-;s.txt;-;-
MasterResetTable;EVET;CMasterResetTable,MASTER_RESET_TABLE_INFO,MASTER_RESET_TABLE_REWARD_INFO,PMSG_MASTER_RESET_TABLE_INFO;-;-;-;-;;-;-
MultiLanguage;EVET;CMultiLanguage;-;-;-;-;;-;-
MyTimer;EVET;CTimer,CTimer2;-;-;-;-;;-;-
PC_AddBuff;EVET;AddBuffer,BuffData,IsReadData;-;-;-;-;;-;-
SendMessage;EVET;CSendMessage,PMSG_SEND_MESSAGE_REQ_SEND;-;-;-;-;;-;-
SkillDamage;EVET;CSkillDamage,SKILLDAMAGE_INFO;-;VAR;-;-;;-;-
SkillDamageConfig;EVET;SkillDamageRate;-;-;-;-;;-;-
ThuongDanhBoss;EVET;SDHP_RANKING_BOS_SAVE_SEND,THUONG_DANH_BOSS,ThuongDanhBoss;-;-;-;-;;-;-
WindowsConsole;EVET;CConsoleWindow;-;-;-;-;;-;-
